<?xml version="1.0" encoding="UTF-8"?>
<project-private xmlns="http://www.netbeans.org/ns/project-private/1">
    <editor-bookmarks xmlns="http://www.netbeans.org/ns/editor-bookmarks/1"/>
    <editor-bookmarks xmlns="http://www.netbeans.org/ns/editor-bookmarks/2" lastBookmarkId="0"/>
    <open-files xmlns="http://www.netbeans.org/ns/projectui-open-files/2">
        <group>
            <file>file:/home/rafael/Downloads/PrototipoProjetoPOO/src/Main.java</file>
            <file>file:/home/rafael/Downloads/PrototipoProjetoPOO/src/Modelo/Personagem.java</file>
            <file>file:/home/rafael/Downloads/PrototipoProjetoPOO/src/Modelo/Hero.java</file>
            <file>file:/home/rafael/Downloads/PrototipoProjetoPOO/src/Modelo/ZigueZague.java</file>
            <file>file:/home/rafael/Downloads/PrototipoProjetoPOO/src/Auxiliar/Consts.java</file>
            <file>file:/home/rafael/Downloads/PrototipoProjetoPOO/src/Controler/Tela.java</file>
            <file>file:/home/rafael/Downloads/PrototipoProjetoPOO/src/Modelo/pokeball.java</file>
            <file>file:/home/rafael/Downloads/PrototipoProjetoPOO/src/Modelo/Bichinhoteleporta.java</file>
            <file>file:/home/rafael/Downloads/PrototipoProjetoPOO/src/Controler/ControleDeJogo.java</file>
        </group>
    </open-files>
</project-private>
